ELECTRICAL_BUS,ELECTRICAL_BUS_KV,HUB_BUS_NAME,HUB
ADICKS_345B,345,ADK,HB_HOUSTON
ADICKS__345D,345,ADK,HB_HOUSTON
BELAIR__345A,345,BI,HB_HOUSTON
BELAIR__345Z,345,BI,HB_HOUSTON
CBY_5025,345,CBY,HB_HOUSTON
CBY_5060,345,CBY,HB_HOUSTON
CBY_5085,345,CBY,HB_HOUSTON
CBY_CBY4,345,CBY,HB_HOUSTON
CEDARP__345A,345,CBY,HB_HOUSTON
CEDARP__345Z,345,CBY,HB_HOUSTON
CHAMBR__345A,345,CHB,HB_HOUSTON
CHB_5065,345,CHB,HB_HOUSTON
CHB_E_1,345,CHB,HB_HOUSTON
CHB_V_A,345,CHB,HB_HOUSTON
CNB_J,345,CHB,HB_HOUSTON
CNB_K,345,CHB,HB_HOUSTON
CENTER__345A,345,CTR,HB_HOUSTON
CENTER__345U,345,CTR,HB_HOUSTON
CENTER__345V,345,CTR,HB_HOUSTON
CTR_V_B,345,CTR,HB_HOUSTON
DOW_3451,345,DOW,HB_HOUSTON
DOW_3463,345,DOW,HB_HOUSTON
DOW_5025,345,DOW,HB_HOUSTON
DOW_5045,345,DOW,HB_HOUSTON
DOW_E_1,345,DOW,HB_HOUSTON
DOW_E_2,345,DOW,HB_HOUSTON
DOW__345Z,345,DOW,HB_HOUSTON
DOW_____345A,345,DOW,HB_HOUSTON
EB_DOWAUTO2,345,DOW,HB_HOUSTON
EB_DOWAUTO5,345,DOW,HB_HOUSTON
EB_DOW_A_A,345,DOW,HB_HOUSTON
EB_DOW_A_B,345,DOW,HB_HOUSTON
EB_DOW_B_A,345,DOW,HB_HOUSTON
EB_DOW_B_B,345,DOW,HB_HOUSTON
EB_DOW_C,345,DOW,HB_HOUSTON
EB_DOW_D,345,DOW,HB_HOUSTON
CHEDPW_1,345,DPW,HB_HOUSTON
CHEDPW_DPW,345,DPW,HB_HOUSTON
DEPWTR__345A,345,DPW,HB_HOUSTON
DEPWTR__345Y,345,DPW,HB_HOUSTON
DPW_0003,345,DPW,HB_HOUSTON
DPW_0020,345,DPW,HB_HOUSTON
DPW_345F,345,DPW,HB_HOUSTON
GBY_0004,345,GBY,HB_HOUSTON
GBY_0024,345,GBY,HB_HOUSTON
GBY_0026,345,GBY,HB_HOUSTON
GBY_5010,345,GBY,HB_HOUSTON
GBY_5025,345,GBY,HB_HOUSTON
GRNBYU__345A,345,GBY,HB_HOUSTON
GRNBYU__345Z,345,GBY,HB_HOUSTON
JENETA__345B,345,JN,HB_HOUSTON
JENETA__345Z,345,JN,HB_HOUSTON
KDL_0004,345,KDL,HB_HOUSTON
KUYDAL75501W,345,KDL,HB_HOUSTON
KUYDAL75501X,345,KDL,HB_HOUSTON
KG_5025,345,KG,HB_HOUSTON
KING____345A,345,KG,HB_HOUSTON
KING____345Z,345,KG,HB_HOUSTON
NB_KB,345,NB,HB_HOUSTON
NB_KZ,345,NB,HB_HOUSTON
OBRIEN__345Z,345,OB,HB_HOUSTON
OB_345A,345,OB,HB_HOUSTON
PHR_0002,345,PHR,HB_HOUSTON
PHR_5020,345,PHR,HB_HOUSTON
PHR_5025,345,PHR,HB_HOUSTON
PHR_5035,345,PHR,HB_HOUSTON
P_H_R___345E,345,PHR,HB_HOUSTON
P_H_R___345Y,345,PHR,HB_HOUSTON
FTR_1,345,RNS,HB_HOUSTON
FTR_PUN1,345,RNS,HB_HOUSTON
FTR_PUN2,345,RNS,HB_HOUSTON
CVC_CVCG1_5,345,SDN,HB_HOUSTON
SDN_0012,345,SDN,HB_HOUSTON
SDN_0014,345,SDN,HB_HOUSTON
SDN_E_1,345,SDN,HB_HOUSTON
SDN_KQ,345,SDN,HB_HOUSTON
SHELDN__345C,345,SDN,HB_HOUSTON
BVE_UNIT1,345,SMITHERS,HB_HOUSTON
BVE_UNIT2,345,SMITHERS,HB_HOUSTON
BVE_UNIT3,345,SMITHERS,HB_HOUSTON
SMITHERS_008,345,SMITHERS,HB_HOUSTON
SMITHERS_013,345,SMITHERS,HB_HOUSTON
SMR_0006,345,SMITHERS,HB_HOUSTON
SMR_0012,345,SMITHERS,HB_HOUSTON
SMR_345C,345,SMITHERS,HB_HOUSTON
SMR_5010,345,SMITHERS,HB_HOUSTON
THW_5040,345,THW,HB_HOUSTON
THW_5055,345,THW,HB_HOUSTON
THW_5070,345,THW,HB_HOUSTON
THW_5075,345,THW,HB_HOUSTON
THW_5090,345,THW,HB_HOUSTON
T_H_W___345B,345,THW,HB_HOUSTON
T_H_W___345Y,345,THW,HB_HOUSTON
T_H_W___345Z,345,THW,HB_HOUSTON
EB_5175,345,WAP,HB_HOUSTON
EB_5180,345,WAP,HB_HOUSTON
EB_5185,345,WAP,HB_HOUSTON
EB_5190,345,WAP,HB_HOUSTON
EB_5195,345,WAP,HB_HOUSTON
WAP_0001,345,WAP,HB_HOUSTON
WAP_0011,345,WAP,HB_HOUSTON
WAP_1644,345,WAP,HB_HOUSTON
WAP_1725,345,WAP,HB_HOUSTON
WAP_345B,345,WAP,HB_HOUSTON
WAP_345D,345,WAP,HB_HOUSTON
WAP_345F,345,WAP,HB_HOUSTON
WAP_345H,345,WAP,HB_HOUSTON
WAP_345J,345,WAP,HB_HOUSTON
WAP_5005,345,WAP,HB_HOUSTON
WAP_5015,345,WAP,HB_HOUSTON
WAP_5020,345,WAP,HB_HOUSTON
WAP_5030,345,WAP,HB_HOUSTON
WAP_5035,345,WAP,HB_HOUSTON
WAP_5040,345,WAP,HB_HOUSTON
WAP_5070,345,WAP,HB_HOUSTON
WAP_5075,345,WAP,HB_HOUSTON
WAP_5080,345,WAP,HB_HOUSTON
WAP_5110,345,WAP,HB_HOUSTON
WAP_5115,345,WAP,HB_HOUSTON
WAP_5120,345,WAP,HB_HOUSTON
WAP_5126,345,WAP,HB_HOUSTON
WAP_5130,345,WAP,HB_HOUSTON
WAP_5135,345,WAP,HB_HOUSTON
WAP_5140,345,WAP,HB_HOUSTON
WAP_5145,345,WAP,HB_HOUSTON
WAP_5150,345,WAP,HB_HOUSTON
WAP_5160,345,WAP,HB_HOUSTON
WAP_5165,345,WAP,HB_HOUSTON
WAP_5170,345,WAP,HB_HOUSTON
WAP_E_1,345,WAP,HB_HOUSTON
WAP_E_2,345,WAP,HB_HOUSTON
WAP_E_3,345,WAP,HB_HOUSTON
WHITOK_345B,345,WO,HB_HOUSTON
WHITOK_345K,345,WO,HB_HOUSTON
WHITOK__345I,345,WO,HB_HOUSTON
ALLNC_FAKE,345,ALLNC,HB_NORTH
ALLENSW1_5,345,ALNSW,HB_NORTH
ALLENSW2_5,345,ALNSW,HB_NORTH
ANNASW_5,345,ANASW,HB_NORTH
ANNASW_5A,345,ANASW,HB_NORTH
ANNASW_5Y,345,ANASW,HB_NORTH
ANNASW_N5,345,ANASW,HB_NORTH
BBSES_3062,345,BBSES,HB_NORTH
BBSES_3066,345,BBSES,HB_NORTH
BBSES_3070,345,BBSES,HB_NORTH
BBSES_3074,345,BBSES,HB_NORTH
BBSES_3078,345,BBSES,HB_NORTH
BBSES_3082,345,BBSES,HB_NORTH
BBSES_KL,345,BBSES,HB_NORTH
BBSES_KW,345,BBSES,HB_NORTH
BENBRK_5,345,BNBSW,HB_NORTH
BNDVS_HB_EB,345,BNDVS,HB_NORTH
BOSQUESW5,345,BOSQUESW,HB_NORTH
BOSQUESW_EB5,345,BOSQUESW,HB_NORTH
BOSQUESW_EB6,345,BOSQUESW,HB_NORTH
BOSQUESW_Z,345,BOSQUESW,HB_NORTH
BOSQUES_2298,345,BOSQUESW,HB_NORTH
BOSQUES_2299,345,BOSQUESW,HB_NORTH
RN_BSQS_12,345,BOSQUESW,HB_NORTH
R_BOSQUESW_1,345,BOSQUESW,HB_NORTH
CHILSW1_5,345,CDHSW,HB_NORTH
CHILSW2_5,345,CDHSW,HB_NORTH
COMCHESS1_5,345,CMNSW,HB_NORTH
COMCHESS1_5Y,345,CMNSW,HB_NORTH
CN345_EB1,345,CN345,HB_NORTH
CN345_EB2,345,CN345,HB_NORTH
CN345_HB_EB,345,CN345,HB_NORTH
CN345_HB_EB2,345,CN345,HB_NORTH
CNRSW_HB_EB,345,CNRSW,HB_NORTH
CNRSW_HB_WB,345,CNRSW,HB_NORTH
CENTURY1_5V,345,CNTRY,HB_NORTH
CENTURY2_5U,345,CNTRY,HB_NORTH
CENTURY3_5T,345,CNTRY,HB_NORTH
CENTURY4_5Q,345,CNTRY,HB_NORTH
EB_160_A,345,CNTRY,HB_NORTH
EB_160_B,345,CNTRY,HB_NORTH
EB_320_A,345,CNTRY,HB_NORTH
EB_320_C,345,CNTRY,HB_NORTH
CLTNW_5,345,CRLNW,HB_NORTH
COURTLND1_5R,345,CRTLD,HB_NORTH
COURTLND1_5S,345,CRTLD,HB_NORTH
COURTLND1_5T,345,CRTLD,HB_NORTH
COURTLND1_5U,345,CRTLD,HB_NORTH
DECRDOVA_5,345,DCSES,HB_NORTH
ELKTON_5,345,ELKTN,HB_NORTH
ELM_MOTT__5,345,ELMOT,HB_NORTH
EAGLEMNT1_5,345,EMSES,HB_NORTH
ENTPR_1702,345,ENTPR,HB_NORTH
ENTPR_9437,345,ENTPR,HB_NORTH
ENTPR_BB1,345,ENTPR,HB_NORTH
ENTPR_BB3,345,ENTPR,HB_NORTH
MTENTERP_5,345,ENTPR,HB_NORTH
EVRMAN_E5,345,EVRSW,HB_NORTH
EVRMAN_W5,345,EVRSW,HB_NORTH
FGRSW_HB_EB,345,FGRSW,HB_NORTH
FARMVLSW_5,345,FMRVL,HB_NORTH
FARMVLSW_S5,345,FMRVL,HB_NORTH
FARMVLSW_S5U,345,FMRVL,HB_NORTH
E_NB6,345,FORSW,HB_NORTH
E_NB7,345,FORSW,HB_NORTH
E_NT3,345,FORSW,HB_NORTH
E_NT4,345,FORSW,HB_NORTH
E_NT5,345,FORSW,HB_NORTH
E_NT7,345,FORSW,HB_NORTH
E_NVT,345,FORSW,HB_NORTH
FORSW_0006,345,FORSW,HB_NORTH
FORSW_597,345,FORSW,HB_NORTH
FORSW_601,345,FORSW,HB_NORTH
FORSW_605,345,FORSW,HB_NORTH
FORSW_609,345,FORSW,HB_NORTH
FORSW_613,345,FORSW,HB_NORTH
FORSW_E_1,345,FORSW,HB_NORTH
FRNY1_5,345,FORSW,HB_NORTH
FRNY1_5X,345,FORSW,HB_NORTH
FRNY1_S5,345,FORSW,HB_NORTH
FPLEFRB1_5,345,FRNYPP,HB_NORTH
FPLEFRB2_5,345,FRNYPP,HB_NORTH
FRNYPP_0060,345,FRNYPP,HB_NORTH
FRNYPP_0062,345,FRNYPP,HB_NORTH
EB_5300,345,GIBCRK,HB_NORTH
GC_EB_5221,345,GIBCRK,HB_NORTH
GC_EB_5225,345,GIBCRK,HB_NORTH
GC_EB_5302,345,GIBCRK,HB_NORTH
GIBCRK02,345,GIBCRK,HB_NORTH
GIBCRK12,345,GIBCRK,HB_NORTH
GIBCRK15,345,GIBCRK,HB_NORTH
GIBCRK20,345,GIBCRK,HB_NORTH
GIBCRK_2836,345,GIBCRK,HB_NORTH
GIBCRK_4,345,GIBCRK,HB_NORTH
GIBCRK_5,345,GIBCRK,HB_NORTH
GIBCRK_5050,345,GIBCRK,HB_NORTH
GIBCRK_5080,345,GIBCRK,HB_NORTH
GIBCRK_5110,345,GIBCRK,HB_NORTH
GIBN_CREK_5,345,GIBCRK,HB_NORTH
GIBN_CREK_5Z,345,GIBCRK,HB_NORTH
R_GIBCRK_1,345,GIBCRK,HB_NORTH
HACKBRY1_5,345,HKBRY,HB_NORTH
JEWETT_N5,345,JEWET,HB_NORTH
JEWETT_S5,345,JEWET,HB_NORTH
KLNSW_AXF2,345,KLNSW,HB_NORTH
KLNSW_HB_EB,345,KLNSW,HB_NORTH
KIOWAPP_5,345,KMCHI,HB_NORTH
KMCHI_0040,345,KMCHI,HB_NORTH
KMCHI_0041,345,KMCHI,HB_NORTH
KMCHI_1CT101,345,KMCHI,HB_NORTH
KMCHI_1CT201,345,KMCHI,HB_NORTH
KMCHI_1ST,345,KMCHI,HB_NORTH
KMCHI_2CT101,345,KMCHI,HB_NORTH
KMCHI_2CT201,345,KMCHI,HB_NORTH
KMCHI_2ST,345,KMCHI,HB_NORTH
EB_KNEDL,345,KNEDL,HB_NORTH
KIOWA_5,345,KWASS,HB_NORTH
KIOWA_5Y,345,KWASS,HB_NORTH
KIOWA_5Z,345,KWASS,HB_NORTH
LAKE_CRK1_5,345,LCSES,HB_NORTH
LEG_4984,345,LEG,HB_NORTH
LEG_5030,345,LEG,HB_NORTH
LEG_5045,345,LEG,HB_NORTH
LEG_5055,345,LEG,HB_NORTH
LEG_5060,345,LEG,HB_NORTH
LEG_5070,345,LEG,HB_NORTH
LEG_5075,345,LEG,HB_NORTH
LEG_5085,345,LEG,HB_NORTH
LEG_5090,345,LEG,HB_NORTH
LEG_5095,345,LEG,HB_NORTH
LEG_5100,345,LEG,HB_NORTH
LEG_5105,345,LEG,HB_NORTH
LEG_5110,345,LEG,HB_NORTH
LEG_5115,345,LEG,HB_NORTH
LEG_5120,345,LEG,HB_NORTH
LEG_9757,345,LEG,HB_NORTH
LEG_E_1,345,LEG,HB_NORTH
LEG_E_2,345,LEG,HB_NORTH
LEG_L190,345,LEG,HB_NORTH
LEG_L210,345,LEG,HB_NORTH
LIMEST__345A,345,LEG,HB_NORTH
LIMEST__345Z,345,LEG,HB_NORTH
EB_13671,345,LFKSW,HB_NORTH
EB_27007,345,LFKSW,HB_NORTH
LFKSW_HB_EB,345,LFKSW,HB_NORTH
LIGSW_0702,345,LIGSW,HB_NORTH
LIGSW_5467,345,LIGSW,HB_NORTH
LIGSW_HB_EB,345,LIGSW,HB_NORTH
LIGSW_S229,345,LIGSW,HB_NORTH
LAMARPWR_5,345,LPCCS,HB_NORTH
LAMARPWR_5T,345,LPCCS,HB_NORTH
LAMARPWR_5V,345,LPCCS,HB_NORTH
LAMARPWR_5Z,345,LPCCS,HB_NORTH
LPCCS_4931,345,LPCCS,HB_NORTH
LPCCS_4932,345,LPCCS,HB_NORTH
LPCCS_CT11,345,LPCCS,HB_NORTH
LPCCS_CT12,345,LPCCS,HB_NORTH
LPCCS_CT21,345,LPCCS,HB_NORTH
LPCCS_CT22,345,LPCCS,HB_NORTH
LPCCS_UNIT1,345,LPCCS,HB_NORTH
LPCCS_UNIT2,345,LPCCS,HB_NORTH
LWSSW_HB_EB,345,LWSSW,HB_NORTH
LWSSW_HB_WB,345,LWSSW,HB_NORTH
EB_0024,345,MCCREE,HB_NORTH
MCCREE_HB_EB,345,MCCREE,HB_NORTH
MDANP_7193,345,MDANP,HB_NORTH
MDANP_7203,345,MDANP,HB_NORTH
MDANP_CT5_6,345,MDANP,HB_NORTH
MDLTHELP_N5,345,MDANP,HB_NORTH
MDLTHELP_N5X,345,MDANP,HB_NORTH
MDLTHELP_S5,345,MDANP,HB_NORTH
MARTINLK_5,345,MLSES,HB_NORTH
MARTINLK_5Z,345,MLSES,HB_NORTH
MLSES_3510,345,MLSES,HB_NORTH
MLSES_3514,345,MLSES,HB_NORTH
MLSES_3518,345,MLSES,HB_NORTH
MLSES_3522,345,MLSES,HB_NORTH
MLSES_3526,345,MLSES,HB_NORTH
R_MLSES_1,345,MLSES,HB_NORTH
R_MLSES_2,345,MLSES,HB_NORTH
R_MLSES_3,345,MLSES,HB_NORTH
MNSES_0006,345,MNSES,HB_NORTH
MNSES_1029,345,MNSES,HB_NORTH
MNSES_1033,345,MNSES,HB_NORTH
MNSES_1039,345,MNSES,HB_NORTH
MNSES_4651,345,MNSES,HB_NORTH
MNSES_4964,345,MNSES,HB_NORTH
MOSES_N5,345,MNSES,HB_NORTH
MOSES_S5,345,MNSES,HB_NORTH
NCDSE_EB36,345,NCDSE,HB_NORTH
NCDSE_EB39,345,NCDSE,HB_NORTH
NCDSE_EB42,345,NCDSE,HB_NORTH
NCDSE_HB_EB,345,NCDSE,HB_NORTH
NORWD1_5,345,NORSW,HB_NORTH
NORWD_1T5,345,NORSW,HB_NORTH
NUCOR_ST1_5X,345,NUCOR,HB_NORTH
NUCOR_ST1_5Y,345,NUCOR,HB_NORTH
NUCOR_ST1_5Z,345,NUCOR,HB_NORTH
EB_41S3,345,PKRSW,HB_NORTH
PARKER_5E,345,PKRSW,HB_NORTH
PARKER_5W,345,PKRSW,HB_NORTH
PARIS_SW1_5,345,PRSSW,HB_NORTH
PARIS_SW1_5X,345,PRSSW,HB_NORTH
PARIS_SW1_5Y,345,PRSSW,HB_NORTH
PARIS_SW1_5Z,345,PRSSW,HB_NORTH
PRSSW_0034,345,PRSSW,HB_NORTH
PRSSW_0035,345,PRSSW,HB_NORTH
PRSSW_4908,345,PRSSW,HB_NORTH
PRSSW_4909,345,PRSSW,HB_NORTH
PRSSW_4911,345,PRSSW,HB_NORTH
PL_TENNY_5,345,PTENN,HB_NORTH
EB1_RCHBR_2,345,RCHBR,HB_NORTH
EB1_RCHRB_1,345,RCHBR,HB_NORTH
RCHBR_BB1A,345,RCHBR,HB_NORTH
RCHBR_BB1T,345,RCHBR,HB_NORTH
RCHBR_BB2A,345,RCHBR,HB_NORTH
RCHBR_BB2T,345,RCHBR,HB_NORTH
RC_PPE_EB1,345,RCHBR,HB_NORTH
RICHLND1_5,345,RCHBR,HB_NORTH
RICHLND2_5,345,RCHBR,HB_NORTH
RNRDPL1_5,345,RENSW,HB_NORTH
RNRTPL1_5,345,RENSW,HB_NORTH
RKCRK_HB_EB,345,RKCRK,HB_NORTH
RKCRK_HB_EB2,345,RKCRK,HB_NORTH
ROANOKE1_5,345,RNKSW,HB_NORTH
ROYSE_N5,345,RYSSW,HB_NORTH
ROYSE_S5,345,RYSSW,HB_NORTH
SCSES_3661,345,SCSES,HB_NORTH
SCSES_3665,345,SCSES,HB_NORTH
SCSES_3669,345,SCSES,HB_NORTH
STRYKER_5,345,SCSES,HB_NORTH
SGVLSW1_5,345,SGVSW,HB_NORTH
SHAMBRGR_5,345,SHBSW,HB_NORTH
SHRYAUTO1_5,345,SHRSW,HB_NORTH
SULSP_SS1_5,345,SSPSW,HB_NORTH
EB_LD4SYCRK,345,SYCRK,HB_NORTH
SYCMRCRK1_5,345,SYCRK,HB_NORTH
SYCMRCRK1_5W,345,SYCRK,HB_NORTH
SYCMRCRK2_5V,345,SYCRK,HB_NORTH
SYCMRCRK2_5Z,345,SYCRK,HB_NORTH
XFM3_SYCRK,345,SYCRK,HB_NORTH
THOUSE__5,345,THSES,HB_NORTH
THOUSE__S5Z,345,THSES,HB_NORTH
TEMP_SS__5,345,TMPSW,HB_NORTH
TMPSW_BB3N,345,TMPSW,HB_NORTH
TMPSW_BB3S,345,TMPSW,HB_NORTH
EB_1B09,345,TNP_ONE,HB_NORTH
EB_2B21,345,TNP_ONE,HB_NORTH
EB_MN1,345,TNP_ONE,HB_NORTH
EB_MN2,345,TNP_ONE,HB_NORTH
ISSUE_51,345,TNP_ONE,HB_NORTH
R_TNP_ONE_1,345,TNP_ONE,HB_NORTH
TNP1___1,345,TNP_ONE,HB_NORTH
TNP_ONE_1,345,TNP_ONE,HB_NORTH
TNP_ONE_5110,345,TNP_ONE,HB_NORTH
TNP_ONE_5200,345,TNP_ONE,HB_NORTH
TNP_ONE_5210,345,TNP_ONE,HB_NORTH
TNP_ONE_6756,345,TNP_ONE,HB_NORTH
TOKSW_BB3,345,TOKSW,HB_NORTH
TOKSW_BB4,345,TOKSW,HB_NORTH
TOKSW_BB5,345,TOKSW,HB_NORTH
TOKSW_BB6,345,TOKSW,HB_NORTH
TOKSW_BB7,345,TOKSW,HB_NORTH
TOKSW_BB8,345,TOKSW,HB_NORTH
TOKSW_BB9,345,TOKSW,HB_NORTH
TOKSW_EPS1,345,TOKSW,HB_NORTH
TOKSW_EPS2,345,TOKSW,HB_NORTH
TWIN_OAK__5,345,TOKSW,HB_NORTH
TWIN_OAK__5Z,345,TOKSW,HB_NORTH
EB_ANOL0003,345,TRCNR,HB_NORTH
EB_ANOL0006,345,TRCNR,HB_NORTH
EB_ANOL202,345,TRCNR,HB_NORTH
EB_ANOL205,345,TRCNR,HB_NORTH
EB_ANOL6055,345,TRCNR,HB_NORTH
EB_ANOL6056,345,TRCNR,HB_NORTH
EB_ANOL6058,345,TRCNR,HB_NORTH
EB_ANOLCN1,345,TRCNR,HB_NORTH
EB_EC17,345,TRCNR,HB_NORTH
TRCNR_BB1E,345,TRCNR,HB_NORTH
TRCNR_PS1,345,TRCNR,HB_NORTH
TRCNR_PS2,345,TRCNR,HB_NORTH
TRICRN1_5,345,TRCNR,HB_NORTH
TRINDAD1_5,345,TRSES,HB_NORTH
TRINDAD2_5,345,TRSES,HB_NORTH
TRSES_3949,345,TRSES,HB_NORTH
TRSES_3953,345,TRSES,HB_NORTH
TRSES_3957,345,TRSES,HB_NORTH
TRSES_3961,345,TRSES,HB_NORTH
TRSES_3965,345,TRSES,HB_NORTH
TRSES_3969,345,TRSES,HB_NORTH
TRSES_3973,345,TRSES,HB_NORTH
EB_1807,345,VENSW,HB_NORTH
EB_1811,345,VENSW,HB_NORTH
EB_VENSW98,345,VENSW,HB_NORTH
EB_VENSW99,345,VENSW,HB_NORTH
VENSW_0001,345,VENSW,HB_NORTH
VENSW_0701,345,VENSW,HB_NORTH
VENSW_0801,345,VENSW,HB_NORTH
VENSW_1773,345,VENSW,HB_NORTH
VENSW_1777,345,VENSW,HB_NORTH
VENSW_1785,345,VENSW,HB_NORTH
VENSW_1789,345,VENSW,HB_NORTH
VENSW_1793,345,VENSW,HB_NORTH
VENSW_1797,345,VENSW,HB_NORTH
VENSW_1801,345,VENSW,HB_NORTH
VENSW_CN90,345,VENSW,HB_NORTH
VENSW_E_1,345,VENSW,HB_NORTH
VENSW_E_2,345,VENSW,HB_NORTH
VENUS_N5,345,VENSW,HB_NORTH
VENUS_S5,345,VENSW,HB_NORTH
EB_VLSES_02,345,VLSES,HB_NORTH
VALLYSES1_5,345,VLSES,HB_NORTH
VLSES_0001,345,VLSES,HB_NORTH
VLSES_4054,345,VLSES,HB_NORTH
VLSES_4090,345,VLSES,HB_NORTH
VLSES_E_1,345,VLSES,HB_NORTH
VLYRN_HB_EB,345,VLYRN,HB_NORTH
WCPP_CT1,345,WCPP,HB_NORTH
WCPP_CT2,345,WCPP,HB_NORTH
WCPP_ST1,345,WCPP,HB_NORTH
RB1,345,WCSWS,HB_NORTH
RV1,345,WCSWS,HB_NORTH
WCSWS_6007,345,WCSWS,HB_NORTH
WCSWS_6008,345,WCSWS,HB_NORTH
WCSWS_EB1,345,WCSWS,HB_NORTH
WCSWS_EB2,345,WCSWS,HB_NORTH
WCSWS_EB3,345,WCSWS,HB_NORTH
WCSWS_EB4,345,WCSWS,HB_NORTH
WCSWS_PKS2,345,WCSWS,HB_NORTH
WCSW_JCK1_EB,345,WCSWS,HB_NORTH
WCSW_JCK2_EB,345,WCSWS,HB_NORTH
WILLOWCK_5B,345,WCSWS,HB_NORTH
WILLOWCK_5E,345,WCSWS,HB_NORTH
WILLOWCK_5N,345,WCSWS,HB_NORTH
WILLOWCK_5S,345,WCSWS,HB_NORTH
WILLOWCK_5W,345,WCSWS,HB_NORTH
ZA1,345,WCSWS,HB_NORTH
ZA2,345,WCSWS,HB_NORTH
WEBB1_5,345,WEBBS,HB_NORTH
WEBB1_5B,345,WEBBS,HB_NORTH
WEBB2_5,345,WEBBS,HB_NORTH
WEBB2_5B,345,WEBBS,HB_NORTH
WEBB3_5B,345,WEBBS,HB_NORTH
WEBB4_5X,345,WEBBS,HB_NORTH
EB_0BB2,345,WHTNY,HB_NORTH
WHTNY_HB_EB,345,WHTNY,HB_NORTH
DCEAST_5Z,345,WLSH,HB_NORTH
EB_LINE,345,WLSH,HB_NORTH
WLSH_BM01,345,WLSH,HB_NORTH
WLSH_L_A,345,WLSH,HB_NORTH
WLEVEE1_5,345,WLVEE,HB_NORTH
WLEVEE1_5Z,345,WLVEE,HB_NORTH
E_X1,345,WTRML,HB_NORTH
E_X11B,345,WTRML,HB_NORTH
WATMLL_1T5,345,WTRML,HB_NORTH
WATMLL_E5,345,WTRML,HB_NORTH
WATMLL_W5,345,WTRML,HB_NORTH
EB_W_DE_0006,345,W_DENT,HB_NORTH
W_DENT_V_C,345,W_DENT,HB_NORTH
EB_HUB,345,ABERNATH,HB_PAN
AJ_CK2,345,AJ_SWOPE,HB_PAN
BUS1N,345,AJ_SWOPE,HB_PAN
BUS2S,345,AJ_SWOPE,HB_PAN
EB_SSPUR2,345,AJ_SWOPE,HB_PAN
EB_SWOPE_1,345,AJ_SWOPE,HB_PAN
EB_SWOPE_12,345,AJ_SWOPE,HB_PAN
EB_SWOPE_16,345,AJ_SWOPE,HB_PAN
EC_R2,345,AJ_SWOPE,HB_PAN
EC_WND,345,AJ_SWOPE,HB_PAN
ALIBATES_39,345,ALIBATES,HB_PAN
ALIBUS1AN,345,ALIBATES,HB_PAN
ALIBUS1N,345,ALIBATES,HB_PAN
ALIBUS2AS,345,ALIBATES,HB_PAN
ALIBUS2S,345,ALIBATES,HB_PAN
ALI_CK2,345,ALIBATES,HB_PAN
EB_21,345,ALIBATES,HB_PAN
EB_27,345,ALIBATES,HB_PAN
EB_38,345,ALIBATES,HB_PAN
EB_39,345,ALIBATES,HB_PAN
EB_3NC,345,ALIBATES,HB_PAN
EB_ALIBATES,345,ALIBATES,HB_PAN
EB_ALIBATES1,345,ALIBATES,HB_PAN
EB_ALIBATES9,345,ALIBATES,HB_PAN
EC1,345,ALIBATES,HB_PAN
EC2,345,ALIBATES,HB_PAN
CROSS_E1,345,CTT_CROS,HB_PAN
CROSS_E2,345,CTT_CROS,HB_PAN
CROSS_W1,345,CTT_CROS,HB_PAN
CROSS_W2,345,CTT_CROS,HB_PAN
EB_1023,345,CTT_GRAY,HB_PAN
EB_1024,345,CTT_GRAY,HB_PAN
EB_1025,345,CTT_GRAY,HB_PAN
EB_1026,345,CTT_GRAY,HB_PAN
EB_1039,345,CTT_GRAY,HB_PAN
EB_1046,345,CTT_GRAY,HB_PAN
EB_GRAY_1003,345,CTT_GRAY,HB_PAN
GRAYBUS_1,345,CTT_GRAY,HB_PAN
GRAYBUS_2,345,CTT_GRAY,HB_PAN
OGABUS1N,345,OGALLALA,HB_PAN
OGABUS2S,345,OGALLALA,HB_PAN
EB_RAILHD_N,345,RAILHEAD,HB_PAN
EB_RAILHD_S,345,RAILHEAD,HB_PAN
RH_0003,345,RAILHEAD,HB_PAN
RH_0006,345,RAILHEAD,HB_PAN
RH_0009,345,RAILHEAD,HB_PAN
RH_0012,345,RAILHEAD,HB_PAN
RH_0017,345,RAILHEAD,HB_PAN
RH_0018,345,RAILHEAD,HB_PAN
RH_0024,345,RAILHEAD,HB_PAN
RH_LN,345,RAILHEAD,HB_PAN
EDITHCLA1_LN,345,TESLA,HB_PAN
EDITHCLA2_LN,345,TESLA,HB_PAN
TESLA_BUS_1A,345,TESLA,HB_PAN
TESLA_BUS_1B,345,TESLA,HB_PAN
TESLA_BUS_2A,345,TESLA,HB_PAN
TESLA_BUS_2B,345,TESLA,HB_PAN
BUS1_NORTH,345,TULECNYN,HB_PAN
BUS2_SOUTH,345,TULECNYN,HB_PAN
EB_1A,345,TULECNYN,HB_PAN
EB_2A,345,TULECNYN,HB_PAN
EB_7NC,345,TULECNYN,HB_PAN
LN_BS_TL_2,345,TULECNYN,HB_PAN
TCN7203_BUS,345,TULECNYN,HB_PAN
TCN7206_BUS,345,TULECNYN,HB_PAN
TCN7212_BUS,345,TULECNYN,HB_PAN
TCN7215_BUS,345,TULECNYN,HB_PAN
TCN7220_BUS,345,TULECNYN,HB_PAN
TCN7225_BUS,345,TULECNYN,HB_PAN
TCN7230_BUS,345,TULECNYN,HB_PAN
TULECNYN1,345,TULECNYN,HB_PAN
TULECNYN15,345,TULECNYN,HB_PAN
TULECNYN19,345,TULECNYN,HB_PAN
TULECNYN25,345,TULECNYN,HB_PAN
TULECNYN31,345,TULECNYN,HB_PAN
TULECNYN37,345,TULECNYN,HB_PAN
TULECNYN50,345,TULECNYN,HB_PAN
TULECNYN52,345,TULECNYN,HB_PAN
TULECNYN_53,345,TULECNYN,HB_PAN
TULE_PS6,345,TULECNYN,HB_PAN
B1,345,WHIT_RVR,HB_PAN
B2,345,WHIT_RVR,HB_PAN
COTTONP,345,WHIT_RVR,HB_PAN
EB_WH1,345,WHIT_RVR,HB_PAN
ENDCAP_N41,345,WHIT_RVR,HB_PAN
ENDCAP_N42,345,WHIT_RVR,HB_PAN
ENDCAP_SP2,345,WHIT_RVR,HB_PAN
WHIT_RVR_20,345,WHIT_RVR,HB_PAN
WHIT_RVR_26,345,WHIT_RVR,HB_PAN
WHIT_RVR_32,345,WHIT_RVR,HB_PAN
WHIT_RVR_37,345,WHIT_RVR,HB_PAN
WHIT_RVR_43,345,WHIT_RVR,HB_PAN
WHIT_RVR_5,345,WHIT_RVR,HB_PAN
WHIT_RVR_8,345,WHIT_RVR,HB_PAN
WHIT_RVR_9,345,WHIT_RVR,HB_PAN
WRV_ABE,345,WHIT_RVR,HB_PAN
EBWINDMILL1,345,WINDMILL,HB_PAN
EBWINDMILL13,345,WINDMILL,HB_PAN
EBWINDMILL28,345,WINDMILL,HB_PAN
EB_NODE29,345,WINDMILL,HB_PAN
EB_WINDMILL,345,WINDMILL,HB_PAN
FALVEZ,345,WINDMILL,HB_PAN
MARIAH,345,WINDMILL,HB_PAN
OGA2ND,345,WINDMILL,HB_PAN
WDMIL_PS2,345,WINDMILL,HB_PAN
WINDMILL_35,345,WINDMILL,HB_PAN
WNDBUS1N,345,WINDMILL,HB_PAN
WNDBUS2S,345,WINDMILL,HB_PAN
BKSL,345,W_CW_345,HB_PAN
W_CW_1222,345,W_CW_345,HB_PAN
W_CW_1304,345,W_CW_345,HB_PAN
W_CW_345BUS1,345,W_CW_345,HB_PAN
W_CW_345BUS2,345,W_CW_345,HB_PAN
W_CW_LIN1,345,W_CW_345,HB_PAN
W_CW_LIN2,345,W_CW_345,HB_PAN
W_CW_LIN3,345,W_CW_345,HB_PAN
W_CW_LIN4,345,W_CW_345,HB_PAN
W_CW_LIN7,345,W_CW_345,HB_PAN
W_CW_T301,345,W_CW_345,HB_PAN
W_CW_T302,345,W_CW_345,HB_PAN
W_CW_T314,345,W_CW_345,HB_PAN
AUSTRO_KBJ,345,AUSTRO,HB_SOUTH
AUSTRO_KZ,345,AUSTRO,HB_SOUTH
L_AUSTRO5_1V,345,AUSTRO,HB_SOUTH
L_AUSTRO5_1W,345,AUSTRO,HB_SOUTH
L_AUSTRO5_1X,345,AUSTRO,HB_SOUTH
L_AUSTRO5_1Y,345,AUSTRO,HB_SOUTH
EB_BLES_8955,345,BLESSING,HB_SOUTH
AVR_M,345,BRAUNIG,HB_SOUTH
BRAUNIG_0001,345,BRAUNIG,HB_SOUTH
BRAUNIG_0004,345,BRAUNIG,HB_SOUTH
VON_ROSE,345,BRAUNIG,HB_SOUTH
BUS_41R5,345,CAGNON,HB_SOUTH
CAGNON_HB_EB,345,CAGNON,HB_SOUTH
CAG_BUS1,345,CAGNON,HB_SOUTH
CAG_BUS2,345,CAGNON,HB_SOUTH
CALAVERSJKS2,345,CALAVERS,HB_SOUTH
CALAVERS_B,345,CALAVERS,HB_SOUTH
CALAVERS_C,345,CALAVERS,HB_SOUTH
CALAVERS_D,345,CALAVERS,HB_SOUTH
CALAVER_0005,345,CALAVERS,HB_SOUTH
CALAVER_0012,345,CALAVERS,HB_SOUTH
CALAVER_0014,345,CALAVERS,HB_SOUTH
CALAVER_0065,345,CALAVERS,HB_SOUTH
CALAVER_0105,345,CALAVERS,HB_SOUTH
EB_CALA_0120,345,CALAVERS,HB_SOUTH
EB_CALA_0145,345,CALAVERS,HB_SOUTH
SPRUCE,345,CALAVERS,HB_SOUTH
CLEASP_0001,345,CLEASP,HB_SOUTH
CLEASP_1,345,CLEASP,HB_SOUTH
CLEASP_6921,345,CLEASP,HB_SOUTH
CLEASP_8031,345,CLEASP,HB_SOUTH
L_CLEASP5_1Y,345,CLEASP,HB_SOUTH
COLETO_B301,345,COLETO,HB_SOUTH
COLETO_B302,345,COLETO,HB_SOUTH
COLETO_HB_EB,345,COLETO,HB_SOUTH
EB_COLE_2540,345,COLETO,HB_SOUTH
FAYETT_HB_EB,345,FAYETT,HB_SOUTH
EY1,345,FPPYD1,HB_SOUTH
FPPYD1_3456,345,FPPYD1,HB_SOUTH
FPPYD1_4523,345,FPPYD1,HB_SOUTH
FPPYD1_4525,345,FPPYD1,HB_SOUTH
FPPYD1_4526,345,FPPYD1,HB_SOUTH
FPPYD1_4552,345,FPPYD1,HB_SOUTH
L_FPPYD15_1Y,345,FPPYD1,HB_SOUTH
L_FPPYD15_1Z,345,FPPYD1,HB_SOUTH
R_FPPYD1_1,345,FPPYD1,HB_SOUTH
R_FPPYD1_2,345,FPPYD1,HB_SOUTH
EY2,345,FPPYD2,HB_SOUTH
FPPYD2_0009,345,FPPYD2,HB_SOUTH
FPPYD2_0014,345,FPPYD2,HB_SOUTH
FPPYD2_0043,345,FPPYD2,HB_SOUTH
L_FPPYD25_1Y,345,FPPYD2,HB_SOUTH
L_FPPYD25_1Z,345,FPPYD2,HB_SOUTH
R_FPPYD2_1,345,FPPYD2,HB_SOUTH
GARFIE_HBB,345,GARFIE,HB_SOUTH
GUADG_0034,345,GUADG,HB_SOUTH
GUADG_0037,345,GUADG,HB_SOUTH
GUADG_V_A,345,GUADG,HB_SOUTH
GUADG_V_B,345,GUADG,HB_SOUTH
ISSUE_20,345,GUADG,HB_SOUTH
ISSUE_21,345,GUADG,HB_SOUTH
ISSUE_22,345,GUADG,HB_SOUTH
ISSUE_23,345,GUADG,HB_SOUTH
ISSUE_24,345,GUADG,HB_SOUTH
R_GUADG_4,345,GUADG,HB_SOUTH
HAYSEN_0001,345,HAYSEN,HB_SOUTH
HAYSEN_7431,345,HAYSEN,HB_SOUTH
HAYSEN_E_1,345,HAYSEN,HB_SOUTH
HAYSEN_E_2,345,HAYSEN,HB_SOUTH
T38,345,HAYSEN,HB_SOUTH
HC_BUS1,345,HILLCTRY,HB_SOUTH
HC_BUS2,345,HILLCTRY,HB_SOUTH
HILLCTRY_R,345,HILLCTRY,HB_SOUTH
HILLCTRY_S,345,HILLCTRY,HB_SOUTH
EB_HOLM_3123,345,HOLMAN,HB_SOUTH
HOLMAN_HB_EB,345,HOLMAN,HB_SOUTH
EB_KEND_3661,345,KENDAL,HB_SOUTH
HAYS_LINE,345,KENDAL,HB_SOUTH
KENDAL_0039,345,KENDAL,HB_SOUTH
KENDAL_HB_EB,345,KENDAL,HB_SOUTH
LN_EDISON1,345,KENDAL,HB_SOUTH
LN_EDISON2,345,KENDAL,HB_SOUTH
EB_LA_P_5BB1,345,LA_PALMA,HB_SOUTH
3,345,LON_HILL,HB_SOUTH
4,345,LON_HILL,HB_SOUTH
LONHILL_2000,345,LON_HILL,HB_SOUTH
LONHILL_3358,345,LON_HILL,HB_SOUTH
LONHILL_3359,345,LON_HILL,HB_SOUTH
LONHILL_3362,345,LON_HILL,HB_SOUTH
LON_HILL_V_C,345,LON_HILL,HB_SOUTH
LON_HILL_V_D,345,LON_HILL,HB_SOUTH
LOSTPI_1010,345,LOSTPI,HB_SOUTH
LOSTPI_1240,345,LOSTPI,HB_SOUTH
R_LOSTPI_1,345,LOSTPI,HB_SOUTH
R_LOSTPI_2,345,LOSTPI,HB_SOUTH
R_LOSTPI_3,345,LOSTPI,HB_SOUTH
LYTTON34,345,LYTTON_S,HB_SOUTH
LYTTON_S_K,345,LYTTON_S,HB_SOUTH
L_MARION5_1Y,345,MARION,HB_SOUTH
L_MARION5_1Z,345,MARION,HB_SOUTH
MARION_1,345,MARION,HB_SOUTH
MARION_2,345,MARION,HB_SOUTH
MARION_4536,345,MARION,HB_SOUTH
MARION_4537,345,MARION,HB_SOUTH
MARION_4538,345,MARION,HB_SOUTH
MARION_4543,345,MARION,HB_SOUTH
MARION_4544,345,MARION,HB_SOUTH
MARION_4545,345,MARION,HB_SOUTH
TE6,345,MARION,HB_SOUTH
7,345,NEDIN,HB_SOUTH
8,345,NEDIN,HB_SOUTH
LN_BONILL,345,NEDIN,HB_SOUTH
LN_DELSOL,345,NEDIN,HB_SOUTH
LN_MANTLE,345,NEDIN,HB_SOUTH
LN_PALMITO,345,NEDIN,HB_SOUTH
LN_POMELO,345,NEDIN,HB_SOUTH
NEDIN_BUS1,345,NEDIN,HB_SOUTH
NEDIN_BUS2,345,NEDIN,HB_SOUTH
NEDIN_L036,345,NEDIN,HB_SOUTH
NEDIN_L843,345,NEDIN,HB_SOUTH
NEDIN_V_D,345,NEDIN,HB_SOUTH
NEDN_S2N7_EB,345,NEDIN,HB_SOUTH
N_EB_PS1,345,NEDIN,HB_SOUTH
N_EB_PS2,345,NEDIN,HB_SOUTH
PAWNEESW5W,345,PAWNEE,HB_SOUTH
LMAJADAS_LN,345,RIOHONDO,HB_SOUTH
RIOHON_BUS1,345,RIOHONDO,HB_SOUTH
RIOHON_BUS2,345,RIOHONDO,HB_SOUTH
RIOHON_L153,345,RIOHONDO,HB_SOUTH
RIOHON_L183,345,RIOHONDO,HB_SOUTH
RIOHON_L473,345,RIOHONDO,HB_SOUTH
EB_0025,345,RIONOG,HB_SOUTH
EB_0046,345,RIONOG,HB_SOUTH
ISSUE_40,345,RIONOG,HB_SOUTH
ISSUE_41,345,RIONOG,HB_SOUTH
ISSUE_42,345,RIONOG,HB_SOUTH
ISSUE_43,345,RIONOG,HB_SOUTH
RIONOG_0064,345,RIONOG,HB_SOUTH
RIONOG_0065,345,RIONOG,HB_SOUTH
SALEM_HB_EB,345,SALEM,HB_SOUTH
EB_SMF2,345,SANMIGL,HB_SOUTH
SANMIGL_0008,345,SANMIGL,HB_SOUTH
SANMIGL_0022,345,SANMIGL,HB_SOUTH
SANMIGL_0025,345,SANMIGL,HB_SOUTH
SANMIGL_0029,345,SANMIGL,HB_SOUTH
SANMIGUEL5,345,SANMIGL,HB_SOUTH
SKYLINE_P,345,SKYLINE,HB_SOUTH
SKY_BUS01,345,SKYLINE,HB_SOUTH
SO_TEX__345A,345,STP,HB_SOUTH
SO_TEX__345K,345,STP,HB_SOUTH
SO_TEX__345Z,345,STP,HB_SOUTH
STP_5005,345,STP,HB_SOUTH
STP_5030,345,STP,HB_SOUTH
STP_5050,345,STP,HB_SOUTH
STP_5060,345,STP,HB_SOUTH
STP_5070,345,STP,HB_SOUTH
STP_5085,345,STP,HB_SOUTH
STP_5090,345,STP,HB_SOUTH
STP_5140,345,STP,HB_SOUTH
STP_5150,345,STP,HB_SOUTH
STP_5155,345,STP,HB_SOUTH
STP_E_1,345,STP,HB_SOUTH
STP_E_2,345,STP,HB_SOUTH
STP_FREQ,345,STP,HB_SOUTH
STP_L_A,345,STP,HB_SOUTH
STP_L_B,345,STP,HB_SOUTH
EB_WHIT_0010,345,WHITE_PT,HB_SOUTH
WHITE_PL0014,345,WHITE_PT,HB_SOUTH
WHITE_P_0006,345,WHITE_PT,HB_SOUTH
L_ZORN__5_1Y,345,ZORN,HB_SOUTH
BTRCK_0015,345,BITTCR,HB_WEST
BTRCK_0016,345,BITTCR,HB_WEST
BTRCK_0102,345,BITTCR,HB_WEST
BTRCK_BS1,345,BITTCR,HB_WEST
BTRCK_E_2,345,BITTCR,HB_WEST
BOWMAN_A5,345,BOMSW,HB_WEST
BOWMAN_B5,345,BOMSW,HB_WEST
DCTM_5648,345,DCTM,HB_WEST
DCTM_L_A,345,DCTM,HB_WEST
DCTM_R_A,345,DCTM,HB_WEST
DCTM_V_A,345,DCTM,HB_WEST
EB_5015A,345,FLCNS,HB_WEST
EB_5020A,345,FLCNS,HB_WEST
EB_6044Z,345,FLCNS,HB_WEST
EB_6046X,345,FLCNS,HB_WEST
FLCNS_1052,345,FLCNS,HB_WEST
FLCNS_1053,345,FLCNS,HB_WEST
FLCNS_E_1,345,FLCNS,HB_WEST
FLCNS_E_2,345,FLCNS,HB_WEST
FLCNS_PS2,345,FLCNS,HB_WEST
FSCOGEN_5,345,FLCNS,HB_WEST
FSCOGEN_5Z,345,FLCNS,HB_WEST
FISHRDSS1_5,345,FSHSW,HB_WEST
GRHAMSES1_5,345,GRSES,HB_WEST
GRHAMSES_C5,345,GRSES,HB_WEST
GRSES_0001,345,GRSES,HB_WEST
GRSES_0009,345,GRSES,HB_WEST
GRSES_6353,345,GRSES,HB_WEST
GRSES_7754,345,GRSES,HB_WEST
GRSES_7755,345,GRSES,HB_WEST
GRSES_7756,345,GRSES,HB_WEST
GRSES_7757,345,GRSES,HB_WEST
GRSES_PS3,345,GRSES,HB_WEST
GRSES_PS4,345,GRSES,HB_WEST
R_GRSES_1,345,GRSES,HB_WEST
JACKSBRO_5A,345,JCKSW,HB_WEST
JACKSBRO_5B,345,JCKSW,HB_WEST
JACKSBRO_5C,345,JCKSW,HB_WEST
JACKSBRO_5D,345,JCKSW,HB_WEST
JACKSBRO_5E,345,JCKSW,HB_WEST
JACKSBRO_5F,345,JCKSW,HB_WEST
JACKSBRO_5G,345,JCKSW,HB_WEST
JACKSBRO_5W,345,JCKSW,HB_WEST
MIDLNDE_5,345,MDLNE,HB_WEST
EB_0655,345,MGSES,HB_WEST
EB_0855,345,MGSES,HB_WEST
EB_S153,345,MGSES,HB_WEST
EB_S245,345,MGSES,HB_WEST
EB_S555,345,MGSES,HB_WEST
EB_S650,345,MGSES,HB_WEST
MGSES_0006,345,MGSES,HB_WEST
MGSES_1082,345,MGSES,HB_WEST
MGSES_1083,345,MGSES,HB_WEST
MGSES_1084,345,MGSES,HB_WEST
MGSES_1085,345,MGSES,HB_WEST
MGSES_4447,345,MGSES,HB_WEST
MGSES_BB4,345,MGSES,HB_WEST
MRGNCRK_5,345,MGSES,HB_WEST
MRGNCRK_D5Z,345,MGSES,HB_WEST
MOSSW_EB2,345,MOSSW,HB_WEST
EB1_S5U7,345,MULBERRY,HB_WEST
LANCE_LD,345,MULBERRY,HB_WEST
MUL_BUS1,345,MULBERRY,HB_WEST
MUL_BUS2,345,MULBERRY,HB_WEST
5005EB,345,ODEHV,HB_WEST
5010EB,345,ODEHV,HB_WEST
5017EB,345,ODEHV,HB_WEST
5020EB,345,ODEHV,HB_WEST
5025EB,345,ODEHV,HB_WEST
ODEHV1T_5,345,ODEHV,HB_WEST
ODEHV2T_5,345,ODEHV,HB_WEST
ODEHV_1072,345,ODEHV,HB_WEST
ODEHV_1073,345,ODEHV,HB_WEST
ODEHV_E87,345,ODEHV,HB_WEST
ODEHV_E_1,345,ODEHV,HB_WEST
ODESEHV_5,345,ODEHV,HB_WEST
OECCS_0001,345,OECCS,HB_WEST
OECCS_0004,345,OECCS,HB_WEST
OECCS_1,345,OECCS,HB_WEST
OECCS_2,345,OECCS,HB_WEST
OECCS_CMLD,345,OECCS,HB_WEST
LN_DCTM,345,OKLA,HB_WEST
LN_FOXTAIL,345,OKLA,HB_WEST
OKLA_5047,345,OKLA,HB_WEST
OKLA_5BB2,345,OKLA,HB_WEST
OKLA_L787,345,OKLA,HB_WEST
OKLA_V_C,345,OKLA,HB_WEST
OKLA_V_D,345,OKLA,HB_WEST
OKLA_V_E,345,OKLA,HB_WEST
SARC_V_H,345,REDCREEK,HB_WEST
SWESW_BBE,345,SWESW,HB_WEST
SWESW_BBW,345,SWESW,HB_WEST
DIVIDE_LINE,345,TWINBU,HB_WEST
EB_TWIN_MGKT,345,TWINBU,HB_WEST
EB_TWIN_SART,345,TWINBU,HB_WEST
L_TWINBU5_1Y,345,TWINBU,HB_WEST
TWINBU_1003,345,TWINBU,HB_WEST
TWINBU_L090,345,TWINBU,HB_WEST
TWINBU_L120,345,TWINBU,HB_WEST
